Date,Close
2018-05-14,30.700001
2018-05-15,30.35
2018-05-16,30.52
2018-05-17,30.77
2018-05-18,30.790001
2018-05-21,30.709999
2018-05-22,30.879999
2018-05-23,30.129999
2018-05-24,30.26
2018-05-25,29.49
2018-05-29,28.860001
2018-05-30,29.969999
2018-05-31,29.75
2018-06-01,30.309999
2018-06-04,30.1
2018-06-05,29.700001
2018-06-06,29.879999
2018-06-07,29.860001
2018-06-08,29.969999
2018-06-11,29.49
2018-06-12,29.76
2018-06-13,30.1
2018-06-14,30.5
2018-06-15,31.450001
2018-06-18,29.99
2018-06-19,31.0
2018-06-20,29.09
2018-06-21,29.07
2018-06-22,28.700001
2018-06-25,28.219999
2018-06-26,28.18
2018-06-27,28.059999
2018-06-28,27.209999
2018-06-29,27.790001
2018-07-02,27.51
2018-07-03,27.809999
2018-07-05,27.549999
2018-07-06,27.48
2018-07-09,27.74
2018-07-10,27.889999
2018-07-11,27.049999
2018-07-12,27.07
2018-07-13,27.26
2018-07-16,27.49
2018-07-17,26.969999
2018-07-18,27.15
2018-07-19,26.77
2018-07-20,26.84
2018-07-23,27.120001
2018-07-24,27.32
2018-07-25,27.16
2018-07-26,27.68
2018-07-27,28.15
2018-07-30,27.91
2018-07-31,27.76
2018-08-01,27.879999
2018-08-02,27.459999
2018-08-03,27.620001
2018-08-06,27.4
2018-08-07,27.99
2018-08-08,27.799999
2018-08-09,27.700001
2018-08-10,26.67
2018-08-13,23.67
2018-08-14,23.9
2018-08-15,22.879999
2018-08-16,21.559999
2018-08-17,22.450001
2018-08-20,23.139999
2018-08-21,23.950001
2018-08-22,24.27
2018-08-23,23.83
2018-08-24,23.639999
2018-08-27,23.889999
2018-08-28,24.09
2018-08-29,23.99
2018-08-30,23.85
2018-08-31,23.559999
2018-09-04,23.09
2018-09-05,22.870001
2018-09-06,22.26
2018-09-07,20.940001
2018-09-10,21.219999
2018-09-11,20.43
2018-09-12,20.35
2018-09-13,20.42
2018-09-14,20.82
2018-09-17,21.07
2018-09-18,21.219999
2018-09-19,21.58
2018-09-20,22.52
2018-09-21,22.450001
2018-09-24,22.530001
2018-09-25,22.440001
2018-09-26,22.379999
2018-09-27,22.870001
2018-09-28,22.120001
2018-10-01,22.0
2018-10-02,21.549999
2018-10-03,21.6
2018-10-04,21.940001
2018-10-05,21.620001
2018-10-08,21.83
2018-10-09,21.25
2018-10-10,21.799999
2018-10-11,22.559999
2018-10-12,22.360001
2018-10-15,22.5
2018-10-16,22.559999
2018-10-17,22.57
2018-10-18,22.59
2018-10-19,22.35
2018-10-22,22.139999
2018-10-23,19.389999
2018-10-24,19.76
2018-10-25,18.780001
2018-10-26,18.99
2018-10-29,19.370001
2018-10-30,18.98
2018-10-31,19.16
2018-11-01,19.610001
2018-11-02,20.200001
2018-11-05,20.110001
2018-11-06,20.07
2018-11-07,20.549999
2018-11-08,20.309999
2018-11-09,20.059999
2018-11-12,19.469999
2018-11-13,18.68
2018-11-14,18.73
2018-11-15,18.059999
2018-11-16,17.83
2018-11-19,18.02
2018-11-20,17.48
2018-11-21,17.66
2018-11-23,17.700001
2018-11-26,18.1
2018-11-27,17.93
2018-11-28,18.129999
2018-11-29,18.049999
2018-11-30,18.549999
2018-12-03,18.879999
2018-12-04,18.690001
2018-12-06,18.030001
2018-12-07,17.860001
2018-12-10,17.73
2018-12-11,18.07
2018-12-12,18.16
2018-12-13,18.139999
2018-12-14,18.08
2018-12-17,17.82
2018-12-18,18.110001
2018-12-19,17.83
2018-12-20,17.57
2018-12-21,17.23
2018-12-24,17.32
2018-12-26,17.110001
2018-12-27,16.9
2018-12-28,17.33
2018-12-31,17.549999
2019-01-02,17.200001
2019-01-03,17.43
2019-01-04,18.200001
2019-01-07,18.370001
2019-01-08,18.879999
2019-01-09,19.059999
2019-01-10,18.799999
2019-01-11,18.67
2019-01-14,18.6
2019-01-15,18.559999
2019-01-16,18.57
2019-01-17,18.280001
2019-01-18,18.799999
2019-01-22,18.48
2019-01-23,18.809999
2019-01-24,18.700001
2019-01-25,19.23
2019-01-28,19.059999
2019-01-29,18.940001
2019-01-30,18.809999
2019-01-31,18.860001
2019-02-01,19.09
2019-02-04,19.27
2019-02-05,19.540001
2019-02-06,19.67
2019-02-07,19.23
2019-02-08,18.799999
2019-02-11,18.790001
2019-02-12,19.129999
2019-02-13,19.24
2019-02-14,18.76
2019-02-15,19.040001
2019-02-19,19.18
2019-02-20,19.25
2019-02-21,19.309999
2019-02-22,19.200001
2019-02-25,19.190001
2019-02-26,18.940001
2019-02-27,19.950001
2019-02-28,19.85
2019-03-01,20.450001
2019-03-04,20.559999
2019-03-05,20.559999
2019-03-06,20.66
2019-03-07,20.120001
2019-03-08,19.5
2019-03-11,19.290001
2019-03-12,19.07
2019-03-13,19.049999
2019-03-14,18.98
2019-03-15,19.299999
2019-03-18,19.17
2019-03-19,19.700001
2019-03-20,17.52
2019-03-21,17.360001
2019-03-22,17.01
2019-03-25,16.24
2019-03-26,16.07
2019-03-27,15.98
2019-03-28,15.7
2019-03-29,16.02
2019-04-01,16.33
2019-04-02,16.5
2019-04-03,16.889999
2019-04-04,17.08
2019-04-05,17.24
2019-04-08,17.35
2019-04-09,17.139999
2019-04-10,17.24
2019-04-11,17.110001
2019-04-12,17.360001
2019-04-15,17.35
2019-04-16,17.58
2019-04-17,17.52
2019-04-18,17.17
2019-04-22,17.190001
2019-04-23,17.34
2019-04-24,16.950001
2019-04-25,17.18
2019-04-26,17.299999
2019-04-29,16.610001
2019-04-30,16.74
2019-05-01,16.790001
2019-05-02,17.32
2019-05-03,17.35
2019-05-06,17.059999
2019-05-07,16.860001
2019-05-08,16.66
2019-05-09,16.15
2019-05-10,16.26
2019-05-13,15.9
2019-05-14,15.48
2019-05-15,15.55
2019-05-16,15.89
2019-05-17,15.83
2019-05-20,15.55
2019-05-21,15.7
2019-05-22,15.52
2019-05-23,15.13
2019-05-24,15.1
2019-05-28,15.44
2019-05-29,15.06
2019-05-30,15.04
2019-05-31,14.68
2019-06-03,14.93
2019-06-04,15.39
2019-06-05,15.28
2019-06-06,15.09
2019-06-07,15.02
2019-06-10,15.04
2019-06-11,15.3
2019-06-12,15.09
2019-06-13,15.09
2019-06-14,14.93
2019-06-17,14.67
2019-06-18,15.0
2019-06-19,15.39
2019-06-20,15.82
2019-06-21,15.5
2019-06-24,15.7
2019-06-25,15.75
2019-06-26,15.97
2019-06-27,17.23
2019-06-28,17.360001
2019-07-01,17.629999
2019-07-02,17.1
2019-07-03,17.33
2019-07-05,17.17
2019-07-08,16.83
2019-07-09,16.610001
2019-07-10,16.860001
2019-07-11,16.82
2019-07-12,16.65
2019-07-15,16.51
2019-07-16,16.67
2019-07-17,16.68
2019-07-18,16.620001
2019-07-19,16.67
2019-07-22,16.799999
2019-07-23,17.07
2019-07-24,16.809999
2019-07-25,16.84
2019-07-26,16.66
2019-07-29,16.620001
2019-07-30,15.84
2019-07-31,16.33
2019-08-01,16.610001
2019-08-02,16.379999
2019-08-05,15.83
2019-08-06,15.72
2019-08-07,16.51
2019-08-08,17.02
2019-08-09,18.129999
2019-08-12,17.91
2019-08-13,18.059999
2019-08-14,18.15
2019-08-15,17.49
2019-08-16,17.74
2019-08-19,18.469999
2019-08-20,18.4
2019-08-21,18.639999
2019-08-22,18.780001
2019-08-23,18.58
2019-08-26,18.51
2019-08-27,18.66
2019-08-28,18.41
2019-08-29,18.690001
2019-08-30,18.709999
2019-09-03,18.23
2019-09-04,18.639999
2019-09-05,18.48
2019-09-06,18.469999
2019-09-09,18.59
2019-09-10,18.99
2019-09-11,19.08
2019-09-12,18.68
2019-09-13,18.950001
2019-09-16,18.790001
2019-09-17,18.41
2019-09-18,18.379999
2019-09-19,18.530001
2019-09-20,18.6
2019-09-23,18.17
2019-09-24,18.24
2019-09-25,18.190001
2019-09-26,17.77
2019-09-27,17.700001
2019-09-30,17.73
2019-10-01,17.4
2019-10-02,16.860001
2019-10-03,16.73
2019-10-04,16.959999
2019-10-07,17.459999
2019-10-08,17.23
2019-10-09,17.6
2019-10-10,17.629999
2019-10-11,17.959999
2019-10-14,18.040001
2019-10-15,18.129999
2019-10-16,18.309999
2019-10-17,18.43
2019-10-18,18.26
2019-10-21,18.24
2019-10-22,18.129999
2019-10-23,18.389999
2019-10-24,18.6
2019-10-25,18.469999
2019-10-28,18.43
2019-10-29,18.290001
2019-10-30,18.66
2019-10-31,19.459999
2019-11-01,19.530001
2019-11-04,19.780001
2019-11-05,19.860001
2019-11-06,19.84
2019-11-07,19.870001
2019-11-08,19.51
2019-11-11,19.450001
2019-11-12,19.32
2019-11-13,19.469999
2019-11-14,19.299999
2019-11-15,19.360001
2019-11-18,19.360001
2019-11-19,19.610001
2019-11-20,19.219999
2019-11-21,18.93
2019-11-22,18.889999
2019-11-25,19.049999
2019-11-26,19.02
2019-11-27,19.129999
2019-11-29,18.879999
2019-12-02,18.780001
2019-12-03,18.629999
2019-12-04,19.1
2019-12-05,19.290001
2019-12-06,19.02
2019-12-09,19.030001
2019-12-10,18.959999
2019-12-11,19.18
2019-12-12,19.16
2019-12-13,19.709999
2019-12-16,19.92
2019-12-17,19.76
2019-12-18,19.67
2019-12-19,19.77
2019-12-20,19.709999
2019-12-23,20.32
2019-12-24,20.43
2019-12-26,20.559999
2019-12-27,20.540001
2019-12-30,20.41
2019-12-31,20.450001
2020-01-02,20.49
2020-01-03,20.219999
2020-01-06,20.0
2020-01-07,20.17
2020-01-08,20.440001
2020-01-09,20.84
2020-01-10,20.959999
2020-01-13,20.83
2020-01-14,20.77
2020-01-15,21.040001
2020-01-16,20.92
2020-01-17,21.030001
2020-01-21,21.040001
2020-01-22,20.870001
2020-01-23,20.639999
2020-01-24,20.91
2020-01-27,20.34
2020-01-28,20.65
2020-01-29,20.75
2020-01-30,20.389999
2020-01-31,20.469999
2020-02-03,20.25
2020-02-04,20.9
2020-02-05,21.139999
2020-02-06,21.440001
2020-02-07,21.309999
2020-02-10,21.09
2020-02-11,21.190001
2020-02-12,21.15
2020-02-13,20.93
2020-02-14,21.09
2020-02-18,20.450001
2020-02-19,20.379999
2020-02-20,20.299999
2020-02-21,20.059999
2020-02-24,19.16
2020-02-25,19.25
2020-02-26,18.959999
2020-02-27,18.35
2020-02-28,17.49
2020-03-02,17.98
2020-03-03,18.59
2020-03-04,18.559999
2020-03-05,18.459999
2020-03-06,18.16
2020-03-09,16.620001
2020-03-10,16.639999
2020-03-11,16.18
2020-03-12,14.35
2020-03-13,14.04
2020-03-16,12.69
2020-03-17,13.35
2020-03-18,13.12
2020-03-19,12.84
2020-03-20,13.4
2020-03-23,12.85
2020-03-24,13.5
2020-03-25,13.6
2020-03-26,13.9
2020-03-27,13.86
2020-03-30,14.25
2020-03-31,14.61
2020-04-01,14.35
2020-04-02,14.1
2020-04-03,14.35
2020-04-06,15.24
2020-04-07,15.82
2020-04-08,15.37
2020-04-09,15.68
2020-04-13,15.74
2020-04-14,16.049999
2020-04-15,15.46
2020-04-16,15.68
2020-04-17,16.01
2020-04-20,15.71
2020-04-21,15.7
2020-04-22,16.17
2020-04-23,16.049999
2020-04-24,16.190001
2020-04-27,16.809999
2020-04-28,17.35
2020-04-29,16.559999
2020-04-30,16.719999
2020-05-01,16.450001
2020-05-04,15.92
2020-05-05,16.110001
2020-05-06,15.96
2020-05-07,15.77
2020-05-08,15.7
2020-05-11,15.56
2020-05-12,15.93
2020-05-13,15.77
2020-05-14,15.1
2020-05-15,15.4
2020-05-18,16.18
2020-05-19,16.51
2020-05-20,16.43
2020-05-21,16.18
2020-05-22,15.8
2020-05-26,16.879999
2020-05-27,17.040001
2020-05-28,17.25
2020-05-29,17.24
2020-06-01,17.139999
2020-06-02,17.879999
2020-06-03,18.17
2020-06-04,17.879999
2020-06-05,18.43
2020-06-08,19.16
2020-06-09,18.93
2020-06-10,19.26
2020-06-11,18.6
2020-06-12,18.59
2020-06-15,18.26
2020-06-16,19.379999
2020-06-17,19.32
2020-06-18,19.26
2020-06-19,19.360001
2020-06-22,19.290001
2020-06-23,20.450001
2020-06-24,20.389999
2020-06-25,18.940001
2020-06-26,18.91
2020-06-29,18.75
2020-06-30,18.450001
2020-07-01,18.58
2020-07-02,18.93
2020-07-06,18.93
2020-07-07,17.77
2020-07-08,17.75
2020-07-09,18.129999
2020-07-10,17.870001
2020-07-13,18.190001
2020-07-14,18.129999
2020-07-15,18.26
2020-07-16,18.02
2020-07-17,18.02
2020-07-20,17.74
2020-07-21,17.940001
2020-07-22,17.620001
2020-07-23,17.709999
2020-07-24,17.66
2020-07-27,17.41
2020-07-28,17.209999
2020-07-29,17.24
2020-07-30,16.73
2020-07-31,16.870001
2020-08-03,16.860001
2020-08-04,16.59
2020-08-05,16.68
2020-08-06,16.780001
2020-08-07,16.33
2020-08-10,16.629999
2020-08-11,17.01
2020-08-12,17.0
2020-08-13,16.99
2020-08-14,16.83
2020-08-17,16.93
2020-08-18,17.07
2020-08-19,17.15
2020-08-20,16.799999
2020-08-21,16.530001
2020-08-24,17.139999
2020-08-25,17.17
2020-08-26,16.91
2020-08-27,16.93
2020-08-28,16.34
2020-08-31,16.68
2020-09-01,16.690001
2020-09-02,16.49
2020-09-03,16.68
2020-09-04,16.27
2020-09-08,16.18
2020-09-09,16.27
2020-09-10,16.440001
2020-09-11,16.48
2020-09-14,16.379999
2020-09-15,16.92
2020-09-16,16.629999
2020-09-17,16.620001
2020-09-18,16.98
2020-09-21,16.200001
2020-09-22,16.030001
2020-09-23,16.200001
2020-09-24,15.94
2020-09-25,15.53
2020-09-28,15.86
2020-09-29,15.69
2020-09-30,15.78
2020-10-01,13.97
2020-10-02,13.04
2020-10-05,13.62
2020-10-06,13.87
2020-10-07,13.29
2020-10-08,13.59
2020-10-09,13.84
2020-10-12,13.7
2020-10-13,13.19
2020-10-14,13.0
2020-10-15,12.78
2020-10-16,13.05
2020-10-19,13.02
2020-10-20,12.96
2020-10-21,12.59
2020-10-22,12.4
2020-10-23,12.58
2020-10-26,12.69
2020-10-27,12.38
2020-10-28,11.91
2020-10-29,11.9
2020-10-30,11.76
2020-11-02,12.05
2020-11-03,12.03
2020-11-04,12.49
2020-11-05,12.86
2020-11-06,12.64
2020-11-09,13.84
2020-11-10,14.0
2020-11-11,14.01
2020-11-12,13.88
2020-11-13,14.01
2020-11-16,14.35
2020-11-17,14.08
2020-11-18,13.92
2020-11-19,13.75
2020-11-20,14.0
2020-11-23,14.15
2020-11-24,14.39
2020-11-25,14.54
2020-11-27,14.69
2020-11-30,14.74
2020-12-01,14.69
2020-12-02,14.45
2020-12-03,14.53
2020-12-04,14.6
2020-12-07,14.41
2020-12-08,14.21
2020-12-09,14.46
2020-12-10,14.31
2020-12-11,14.27
2020-12-14,14.3
2020-12-15,14.42
2020-12-16,14.91
2020-12-17,15.1
2020-12-18,15.16
2020-12-21,14.33
2020-12-22,14.7
2020-12-23,14.83
2020-12-24,14.85
2020-12-28,14.87
2020-12-29,14.87
2020-12-30,14.8
2020-12-31,14.79
2021-01-04,15.27
2021-01-05,15.17
2021-01-06,15.8
2021-01-07,16.120001
2021-01-08,15.99
2021-01-11,15.5
2021-01-12,15.41
2021-01-13,15.9
2021-01-14,15.97
2021-01-15,15.93
2021-01-19,16.299999
2021-01-20,16.27
2021-01-21,16.389999
2021-01-22,15.97
2021-01-25,15.66
2021-01-26,15.82
2021-01-27,15.21
2021-01-28,15.31
2021-01-29,15.38
2021-02-01,15.43
2021-02-02,15.52
2021-02-03,15.46
2021-02-04,16.26
2021-02-05,16.77
2021-02-08,16.799999
2021-02-09,16.879999
2021-02-10,16.620001
2021-02-11,16.459999
2021-02-12,16.23
2021-02-16,16.59
2021-02-17,16.290001
2021-02-18,16.18
2021-02-19,16.16
2021-02-22,16.24
2021-02-23,16.25
2021-02-24,16.43
2021-02-25,16.09
2021-02-26,15.52
2021-03-01,15.77
2021-03-02,15.72
2021-03-03,15.61
2021-03-04,15.64
2021-03-05,15.51
2021-03-08,15.39
2021-03-09,15.84
2021-03-10,16.290001
2021-03-11,15.66
2021-03-12,15.72
2021-03-15,15.91
2021-03-16,15.82
2021-03-17,15.7
2021-03-18,15.87
2021-03-19,15.95
2021-03-22,15.96
2021-03-23,16.1
2021-03-24,15.84
2021-03-25,15.73
2021-03-26,15.79
2021-03-29,15.6
2021-03-30,15.63
2021-03-31,15.84
2021-04-01,15.78
2021-04-05,16.049999
2021-04-06,15.95
2021-04-07,15.96
2021-04-08,15.97
2021-04-09,15.92
2021-04-12,15.91
2021-04-13,15.79
2021-04-14,15.82
2021-04-15,15.84
2021-04-16,16.15
2021-04-19,16.58
2021-04-20,16.469999
2021-04-21,16.66
2021-04-22,16.76
2021-04-23,16.379999
2021-04-26,16.6
2021-04-27,16.639999
2021-04-28,15.93
2021-04-29,16.219999
2021-04-30,16.370001
2021-05-03,16.110001
2021-05-04,15.92
2021-05-05,16.02
2021-05-06,16.209999
2021-05-07,16.26
2021-05-10,16.559999
2021-05-11,16.200001
2021-05-12,16.98
2021-05-13,17.02
2021-05-14,17.27
2021-05-17,17.1
2021-05-18,17.24
2021-05-19,16.889999
2021-05-20,16.879999
2021-05-21,17.0
2021-05-24,17.16
2021-05-25,17.040001
2021-05-26,16.84
2021-05-27,16.040001
2021-05-28,15.93
2021-06-01,15.9
2021-06-02,15.9
2021-06-03,15.8
2021-06-04,16.030001
2021-06-07,16.15
2021-06-08,16.25
2021-06-09,16.120001
2021-06-10,16.200001
2021-06-11,16.25
2021-06-14,16.24
2021-06-15,16.280001
2021-06-16,16.200001
2021-06-17,15.95
2021-06-18,15.77
2021-06-21,15.56
2021-06-22,15.31
2021-06-23,15.26
2021-06-24,15.34
2021-06-25,15.51
2021-06-28,15.47
2021-06-29,15.37
2021-06-30,15.29
2021-07-01,15.44
2021-07-02,15.33
2021-07-06,15.15
2021-07-07,14.99
2021-07-08,14.9
2021-07-09,15.13
2021-07-12,14.92
2021-07-13,14.96
2021-07-14,15.08
2021-07-15,14.89
2021-07-16,15.11
2021-07-19,14.72
2021-07-20,14.68
2021-07-21,15.05
2021-07-22,15.14
2021-07-23,15.05
2021-07-26,15.07
2021-07-27,14.84
2021-07-28,14.81
2021-07-29,15.15
2021-07-30,15.02
2021-08-02,14.95
2021-08-03,14.83
2021-08-04,14.75
2021-08-05,13.86
2021-08-06,14.1
2021-08-09,13.8
2021-08-10,13.94
2021-08-11,13.99
2021-08-12,14.13
2021-08-13,14.1
2021-08-16,14.0
2021-08-17,13.95
2021-08-18,14.01
2021-08-19,13.91
2021-08-20,13.78
2021-08-23,13.94
2021-08-24,14.06
2021-08-25,14.02
2021-08-26,13.87
2021-08-27,13.83
2021-08-30,13.88
2021-08-31,13.85
2021-09-01,14.03
2021-09-02,14.02
2021-09-03,14.08
2021-09-07,14.02
2021-09-08,13.75
2021-09-09,13.51
2021-09-10,13.61
2021-09-13,13.6
2021-09-14,13.66
2021-09-15,13.47
2021-09-16,13.55
2021-09-17,13.37
2021-09-20,13.11
2021-09-21,13.35
2021-09-22,13.64
2021-09-23,13.61
2021-09-24,13.67
2021-09-27,13.85
2021-09-28,13.98
2021-09-29,13.77
2021-09-30,13.68
2021-10-01,13.58
2021-10-04,13.62
2021-10-05,13.43
2021-10-06,13.41
2021-10-07,13.58
2021-10-08,13.84
2021-10-11,14.2
2021-10-12,13.83
2021-10-13,13.66
2021-10-14,13.91
2021-10-15,13.93
2021-10-18,13.63
2021-10-19,13.72
2021-10-20,13.97
2021-10-21,14.06
2021-10-22,14.07
2021-10-25,14.2
2021-10-26,14.22
2021-10-27,14.21
2021-10-28,14.18
2021-10-29,14.25
2021-11-01,14.22
2021-11-02,14.45
2021-11-03,14.56
2021-11-04,14.55
2021-11-05,14.35
2021-11-08,14.54
2021-11-09,14.8
2021-11-10,14.9
2021-11-11,14.59
2021-11-12,14.62
2021-11-15,14.48
2021-11-16,14.33
2021-11-17,14.13
2021-11-18,14.1
2021-11-19,13.71
2021-11-22,13.56
2021-11-23,13.77
2021-11-24,13.38
2021-11-26,12.99
2021-11-29,12.89
2021-11-30,12.74
2021-12-01,12.84
2021-12-02,12.78
2021-12-03,12.58
2021-12-06,12.55
2021-12-07,12.78
2021-12-08,12.91
2021-12-09,12.93
2021-12-10,13.17
2021-12-13,13.0
2021-12-14,13.03
2021-12-15,12.86
2021-12-16,13.19
2021-12-17,13.14
2021-12-20,12.82
2021-12-21,12.82
2021-12-22,12.83
2021-12-23,13.1
2021-12-27,13.25
2021-12-28,13.22
2021-12-29,13.28
2021-12-30,13.27
2021-12-31,13.05
2022-01-03,13.36
2022-01-04,13.54
2022-01-05,13.76
2022-01-06,13.7
2022-01-07,13.7
2022-01-10,14.05
2022-01-11,14.34
2022-01-12,14.66
2022-01-13,14.63
2022-01-14,14.93
2022-01-18,14.8
2022-01-19,14.81
2022-01-20,14.86
2022-01-21,14.61
2022-01-24,14.34
2022-01-25,14.36
2022-01-26,14.54
2022-01-27,14.59
2022-01-28,14.66
2022-01-31,15.0
2022-02-01,15.21
2022-02-02,15.26
2022-02-03,15.18
2022-02-04,15.11
2022-02-07,15.18
2022-02-08,15.1
2022-02-09,15.16
2022-02-10,15.49
2022-02-11,15.53
2022-02-14,15.08
2022-02-15,15.25
2022-02-16,15.35
2022-02-17,15.4
2022-02-18,15.5
2022-02-22,14.83
2022-02-23,15.16
2022-02-24,14.04
2022-02-25,14.78
2022-02-28,14.38
2022-03-01,14.8
2022-03-02,14.94
2022-03-03,15.16
2022-03-04,14.16
2022-03-07,14.07
2022-03-08,13.93
2022-03-09,14.72
2022-03-10,14.77
2022-03-11,15.27
2022-03-14,15.34
2022-03-15,15.34
2022-03-16,15.58
2022-03-17,15.82
2022-03-18,15.87
2022-03-21,16.290001
2022-03-22,16.33
2022-03-23,16.24
2022-03-24,16.360001
2022-03-25,16.540001
2022-03-28,16.76
2022-03-29,17.129999
2022-03-30,17.129999
2022-03-31,17.27
2022-04-01,17.35
2022-04-04,17.84
2022-04-05,17.84
2022-04-06,17.790001
2022-04-07,18.0
2022-04-08,17.959999
2022-04-11,18.26
2022-04-12,18.370001
2022-04-13,18.24
2022-04-14,18.309999
2022-04-18,17.889999
2022-04-19,17.98
2022-04-20,17.43
2022-04-21,18.07
2022-04-22,18.02
2022-04-25,17.540001
2022-04-26,17.26
2022-04-27,16.75
2022-04-28,16.389999
2022-04-29,16.450001
2022-05-02,15.92
2022-05-03,16.09
2022-05-04,16.32
2022-05-05,16.23
2022-05-06,15.95
2022-05-09,15.73
2022-05-10,16.280001
2022-05-11,14.85
2022-05-12,15.65
2022-05-13,15.96
2022-05-16,16.18
2022-05-17,16.780001
2022-05-18,16.940001
2022-05-19,16.68
2022-05-20,16.98
2022-05-23,17.110001
2022-05-24,17.120001
2022-05-25,17.07
2022-05-26,17.34
2022-05-27,17.65
2022-05-31,17.85
2022-06-01,17.92
2022-06-02,17.58
2022-06-03,17.6
2022-06-06,17.98
2022-06-07,17.440001
2022-06-08,17.700001
2022-06-09,17.58
2022-06-10,16.85
2022-06-13,16.549999
2022-06-14,16.780001
2022-06-15,16.74
2022-06-16,16.280001
2022-06-17,16.389999
2022-06-21,16.84
2022-06-22,15.77
2022-06-23,15.8
2022-06-24,15.11
2022-06-27,15.57
2022-06-28,15.77
2022-06-29,15.25
2022-06-30,14.69
2022-07-01,14.79
2022-07-05,14.32
2022-07-06,14.29
2022-07-07,14.38
2022-07-08,14.6
2022-07-11,14.14
2022-07-12,14.01
2022-07-13,13.92
2022-07-14,13.64
2022-07-15,13.85
2022-07-18,14.03
2022-07-19,14.41
2022-07-20,14.97
2022-07-21,14.52
2022-07-22,14.51
2022-07-25,14.78
2022-07-26,14.57
2022-07-27,14.54
2022-07-28,14.46
2022-07-29,14.42
2022-08-01,14.65
2022-08-02,14.74
2022-08-03,14.79
2022-08-04,14.67
2022-08-05,13.87
2022-08-08,13.48
2022-08-09,13.26
2022-08-10,13.4
2022-08-11,13.3
2022-08-12,13.89
2022-08-15,13.68
2022-08-16,13.72
2022-08-17,13.6
2022-08-18,13.64
2022-08-19,13.6
2022-08-22,13.51
2022-08-23,13.34
2022-08-24,13.2
2022-08-25,13.56
2022-08-26,13.71
2022-08-29,12.66
2022-08-30,13.09
2022-08-31,13.02
2022-09-01,12.76
2022-09-02,13.06
2022-09-06,12.78
2022-09-07,12.6
2022-09-08,12.81
2022-09-09,13.32
2022-09-12,13.65
2022-09-13,13.58
2022-09-14,13.53
2022-09-15,13.4
2022-09-16,13.14
2022-09-19,13.0
2022-09-20,13.06
2022-09-21,12.99
2022-09-22,12.83
2022-09-23,12.26
2022-09-26,11.9
2022-09-27,11.72
2022-09-28,11.5
2022-09-29,11.67
2022-09-30,11.49
2022-10-03,11.74
2022-10-04,12.0
2022-10-05,12.08
2022-10-06,11.74
2022-10-07,11.65
2022-10-10,11.55
2022-10-11,11.56
2022-10-12,11.82
2022-10-13,11.77
2022-10-14,12.14
2022-10-17,12.27
2022-10-18,12.43
2022-10-19,12.19
2022-10-20,12.08
2022-10-21,12.02
2022-10-24,12.48
2022-10-25,12.55
2022-10-26,12.79
2022-10-27,12.92
2022-10-28,13.06
2022-10-31,13.13
2022-11-01,13.35
2022-11-02,13.24
2022-11-03,12.8
2022-11-04,13.32
2022-11-07,13.58
2022-11-08,13.02
2022-11-09,12.55
2022-11-10,13.01
2022-11-11,13.04
2022-11-14,13.3
2022-11-15,13.78
2022-11-16,13.82
2022-11-17,13.5
2022-11-18,13.86
2022-11-21,13.98
2022-11-22,14.04
2022-11-23,14.17
2022-11-25,14.4
2022-11-28,14.46
2022-11-29,14.49
2022-11-30,14.45
2022-12-01,14.59
2022-12-02,14.42
2022-12-05,14.1
2022-12-06,13.97
2022-12-07,13.92
2022-12-08,13.89
2022-12-09,13.97
2022-12-12,13.93
2022-12-13,14.1
2022-12-14,13.79
2022-12-15,13.7
2022-12-16,13.0
2022-12-19,13.02
2022-12-20,13.03
2022-12-21,13.0
2022-12-22,12.97
2022-12-23,12.84
2022-12-27,12.86
2022-12-28,12.96
2022-12-29,12.99
2022-12-30,12.87
2023-01-03,12.99
2023-01-04,13.1
2023-01-05,13.14
2023-01-06,13.21
2023-01-09,14.16
2023-01-10,14.46
2023-01-11,15.0
2023-01-12,15.15
2023-01-13,15.43
2023-01-17,15.56
2023-01-18,15.39
2023-01-19,15.06
2023-01-20,15.2
2023-01-23,15.18
2023-01-24,15.07
2023-01-25,15.16
2023-01-26,15.35
2023-01-27,15.3
2023-01-30,15.48
2023-01-31,15.37
2023-02-01,15.46
2023-02-02,15.63
2023-02-03,15.38
2023-02-06,15.77
2023-02-07,15.66
2023-02-08,16.0
2023-02-09,16.530001
2023-02-10,15.98
2023-02-13,15.88
2023-02-14,16.23
2023-02-15,15.98
2023-02-16,15.82
2023-02-17,15.8
2023-02-21,15.92
2023-02-22,15.68
2023-02-23,15.95
2023-02-24,15.75
2023-02-27,15.7
2023-02-28,15.23
2023-03-01,14.95
2023-03-02,14.99
2023-03-03,15.22
2023-03-06,15.33
2023-03-07,15.4
2023-03-08,15.47
2023-03-09,15.36
2023-03-10,15.35
2023-03-13,15.1
2023-03-14,15.41
2023-03-15,14.79
2023-03-16,14.75
2023-03-17,14.87
2023-03-20,15.07
2023-03-21,15.46
2023-03-22,15.39
2023-03-23,15.33
2023-03-24,14.95
2023-03-27,15.14
2023-03-28,15.43
2023-03-29,15.58
2023-03-30,15.67
2023-03-31,15.99
2023-04-03,16.09
2023-04-04,16.120001
2023-04-05,16.26
2023-04-06,16.49
2023-04-10,16.360001
2023-04-11,16.450001
2023-04-12,16.42
2023-04-13,16.73
2023-04-14,16.99
2023-04-17,16.9
2023-04-18,16.940001
2023-04-19,16.719999
2023-04-20,16.73
2023-04-21,16.549999
2023-04-24,16.6
2023-04-25,16.68
2023-04-26,16.799999
2023-04-27,16.469999
2023-04-28,16.209999
2023-05-01,16.34
2023-05-02,15.84
2023-05-03,15.79
2023-05-04,15.93
2023-05-05,16.0
2023-05-08,16.040001
2023-05-09,15.92
2023-05-10,16.040001
2023-05-11,14.97
